"","controls","patients"
"time",0.572105263157895,0.221551020408163
"strong",13.5889473684211,5.35632653061224
"weak",0,0
