"","controls","patients"
"time",0.883157894736842,0.349714285714286
"strong",9.95368421052632,4.00432653061224
"weak",27.47,10.977306122449
