"","controls","patients"
"time",0.00470643274853801,0.000200544217687075
"strong",0.0823877192982455,0.0158685578231293
"weak",0,0
