"","controls","patients"
"time",1.05211026315789,3.39384643918367
"strong",0.111981842105263,0.0149289534693878
"weak",0.0607502631578949,0.0106012995918367
