"","controls","patients"
"time",0.00474502923976608,0.00056
"strong",0.0137690058479532,0.00412055782312925
"weak",0.0378111111111111,0.011242925170068
